food_resource_type,agency,location,operational_status,who_they_serve,address,latitude,longitude,phone_number,website,days_hours,date_updated,days_count,serves_youth,serves_seniors,serves_general,serves_restricted,has_weekend,city
Food Bank,Algona/Pacific Food Pantry,Algona/Pacific Food Pantry - Food Distribution Center,Open,General Public,"603 3rd Ave SE, Pacific, WA 98047",47.265011,-122.236771,(253)-351-0450,https://networks.whyhunger.org/organisation/41599,Tuesday,7/22/2025,1,False,False,True,False,False,Pacific
Food Bank & Meal,Asian Counseling and Referral Service (ACRS),ACRS Food Bank and Meals,Open,General Public,"800 S Weller St, Seattle, WA 98004",47.5843633,-122.3303783,(206)-695-7510,https://acrs.org/services/aging-services-for-older-adults/acrs-food-bank/,"Wednesday, Friday",8/7/2025,2,False,False,True,False,False,Seattle
Meal,Asian Counseling and Referral Service (ACRS),Club Bamboo and Hmong Senior Club,Open,Older Adults 60+ and Eligible Participants,"3639 Martin Luther King Jr Way S, Seattle, WA 98144",47.570897,-122.2973881,(206)-695-7510,https://www.acrs.org/services/aging-services-for-older-adults/senior-lunch-programs/,"Monday, Tuesday, Wednesday, Thursday, Friday",8/7/2025,5,False,True,False,False,False,Seattle
Meal,Asian Counseling and Referral Service (ACRS),Duoc Su Senior Nutrition Program,Open,Older Adults 60+ and Eligible Participants,"6924 42nd Ave S , Seattle, WA 98118",47.5400001,-122.2803173,(206)-695-7510,https://www.acrs.org/services/aging-services-for-older-adults/senior-lunch-programs/,Saturday,7/21/2025,1,False,True,False,False,True,Seattle
Meal,Asian Counseling and Referral Service (ACRS),Filipino Community of Seattle,Open,Older Adults 60+ and Eligible Participants,"5740 Martin Luther King Jr Way S, Seattle, WA 98118",47.5500465,-122.2871358,(206)-695-7510,https://www.acrs.org/services/aging-services-for-older-adults/senior-lunch-programs/,"Monday, Tuesday, Thursday, Friday",7/21/2025,4,False,True,False,False,False,Seattle
Meal,Atrium Kitchen,Atrium Kitchen,Open,Older Adults 60+ and Eligible Participants,"93 Pike St, Suite 101, Seattle, WA 98101",47.608632,-122.3401409,(206)-829-9525,https://www.atriumkitchenpikeplace.com/,Thursday,8/12/2025,1,False,True,False,False,False,Seattle
Food Bank,Auburn Food Bank,Auburn Food Bank,Open,General Public,"2804 Auburn Way N, Auburn, WA 98002",47.332001,-122.2211517,(253)-833-8925,https://www.theauburnfoodbank.org/food,"Monday, Tuesday, Thursday, Friday",8/7/2025,4,False,False,True,False,False,Auburn
Meal,Aurora Commons,Aurora Commons,Open,General Public,"8914 Aurora Ave N, Seattle, WA 98103",47.6938816,-122.3442384,(206)-299-2278,https://www.auroracommons.org/,"Monday, Tuesday, Wednesday, Thursday",8/12/2025,4,False,False,True,False,False,Seattle
Food Bank,Ballard Food Bank,Ballard Food Bank,Open,General Public,"1400 Leary Way NW, Seattle, WA 98107",47.66404713,-122.3740701,(206)-789-7800,https://www.ballardfoodbank.org/,"Monday, Tuesday, Wednesday, Thursday",8/12/2025,4,False,False,True,False,False,Seattle
Food Bank & Meal,Bethany Community Church,Bethany Food Bank at Green Lake,Open,General Public,"8023 Green Lake Dr N, Seattle, WA 98103",47.6873209,-122.3411453,(206)-524-9000,https://www.churchbcc.org/missions/localmissions,Monday,7/22/2025,1,False,False,True,False,False,Seattle
Food Bank & Meal,Blessed Sacrament,First United Methodist Church of Seattle,Open,General Public,"5050 8th Ave NE, Seattle, WA 98105",47.6664368,-122.3190289,(206)-547-3020,https://www.blessed-sacrament.org/outreach,"Sunday, Friday",8/12/2025,2,False,False,True,False,True,Seattle
Meal,Bread of Life Mission,Bread of Life Mission,Open,General Public,"97 S Main St, Seattle, WA 98104",47.5999268,-122.334605,(206)-682-3579,https://www.breadoflifemission.org/emergency-services,"Monday, Tuesday, Wednesday, Thursday, Friday",8/7/2025,5,False,False,True,False,False,Seattle
Food Bank,Byrd Barr Place,The Market,Open,General Public,"722 18th Ave, Seattle, WA 98122",47.6088532,-122.3085629,(206)-812-4940,https://www.byrdbarrplace.org/programs-services/food-bank/,"Tuesday, Wednesday, Thursday",7/22/2025,3,False,False,True,False,False,Seattle
Meal,Community Lunch on Capitol Hill,All Pilgrims Christian Church,Open,Contact Agency for Any Eligibility Requirements,"509 10th Ave E, Seattle, WA 98102",47.623387,-122.320142,(206)-972-2524,https://www.communitylunch.org/about-1,"Monday, Tuesday, Wednesday, Thursday, Friday",7/21/2025,5,False,False,False,True,False,Seattle
Meal,Community Lunch on Capitol Hill,All Pilgrims Christian Church,Open,General Public,"500 Broadway E, Seattle, WA 98102",47.6233603,-122.3203773,(206)-972-2524,https://www.communitylunch.org/about-1,"Monday, Tuesday, Wednesday, Thursday, Friday",7/25/2025,5,False,False,True,False,False,Seattle
Meal,Des Moines Area Food Bank,Abbey Ridge Apartments,Open,Youth and Young Adults,"3035 S 204th St, SeaTac, WA 98198",,,(206)-878-2660,https://www.myfoodbank.org/meals-for-kids.html,"Monday, Tuesday, Wednesday, Thursday, Friday",8/12/2025,5,True,False,False,False,False,SeaTac
Meal,Des Moines Area Food Bank,Angle Lake Park,Open,Youth and Young Adults,"19408 International Blvd, SeaTac, WA 98188",47.42802993,-122.2928406,(206)-878-2660,https://www.myfoodbank.org/meals-for-kids.html,"Monday, Tuesday, Wednesday, Thursday, Friday",8/7/2025,5,True,False,False,False,False,SeaTac
Meal,Des Moines Area Food Bank,Des Moines Field House,Open,Youth and Young Adults,"1000 S 220th St, Des Moines, WA 98198",47.4049627,-122.3208554,(206)-878-2660,https://www.myfoodbank.org/meals-for-kids.html,"Monday, Wednesday, Friday",8/11/2025,3,True,False,False,False,False,Des Moines
Meal,Des Moines Area Food Bank,Des Moines Marina Farmers Market,Open,Youth and Young Adults,"22307 Dock Ave S, Des Moines, WA 98198",47.4018118,-122.3294018,(206)-878-2660,https://www.myfoodbank.org/meals-for-kids.html,Saturday,8/7/2025,1,True,False,False,False,True,Des Moines
Food Bank,Des Moines Area Food Bank,Des Moines United Methodist Church,Open,General Public,"22225 9th Ave S, Des Moines, WA 98198",47.4022373,-122.3224371,(206)-878-2660,https://www.myfoodbank.org/services.html,"Monday, Tuesday, Wednesday, Friday",8/11/2025,4,False,False,True,False,False,Des Moines
Meal,Des Moines Area Food Bank,Lakeview Park,Open,Youth and Young Adults,"422 SW 160th St, Burien, WA 98166",,,(206)-878-2660,https://www.myfoodbank.org/meals-for-kids.html,Monday,8/12/2025,1,True,False,False,False,False,Burien
Meal,Des Moines Area Food Bank,McMicken Park,Open,Youth and Young Adults,"S 166th St & 37th Ave S, SeaTac, WA 98188",47.47755124,-122.2852127,(206)-878-2660,https://www.myfoodbank.org/meals-for-kids.html,"Monday, Tuesday, Wednesday, Thursday, Friday",8/7/2025,5,True,False,False,False,False,SeaTac
Meal,Des Moines Area Food Bank,Midway Park,Open,Youth and Young Adults,"S 221st St & 29th Ave S, Des Moines, WA 98198",47.4036369,-122.2982037,(206)-878-2660,https://www.myfoodbank.org/meals-for-kids.html,"Monday, Tuesday, Wednesday, Thursday, Friday",7/25/2025,5,True,False,False,False,False,Des Moines
Meal,Des Moines Area Food Bank,Pine Ridge Apartments,Open,Youth and Young Adults,"3725 S 180th St, SeaTac, WA 98188",47.4409849,-122.2885294,(206)-878-2660,https://www.myfoodbank.org/meals-for-kids.html,"Monday, Tuesday, Wednesday, Thursday, Friday",8/12/2025,5,True,False,False,False,False,SeaTac
Meal,Des Moines Area Food Bank,Redondo Beach Park,Open,Youth and Young Adults,"Redondo Beach Dr S and Redondo Way S, Des Moines, WA 98198",47.34855775,-122.3250986,(206)-878-2660,https://www.myfoodbank.org/meals-for-kids.html,"Monday, Tuesday, Wednesday, Thursday, Friday",8/7/2025,5,True,False,False,False,False,Des Moines
Meal,Des Moines Area Food Bank,Steve Cox Memorial Park,Open,Youth and Young Adults,"1321 SW 102nd St, Seattle, WA 98146",,,(206)-878-2660,https://www.myfoodbank.org/meals-for-kids.html,"Monday, Tuesday, Wednesday, Thursday, Friday",8/12/2025,5,True,False,False,False,False,Seattle
Meal,Des Moines Area Food Bank,Underwood Park,Open,Youth and Young Adults,"20th Ave S, Des Moines, WA 98198",,,(206)-878-2660,https://www.myfoodbank.org/meals-for-kids.html,"Monday, Tuesday, Wednesday, Thursday, Friday",8/12/2025,5,True,False,False,False,False,Des Moines
Meal,Des Moines Area Food Bank,Valley Ridge Park,Open,Youth and Young Adults,"4644 S 188th St, SeaTac, WA 98188",,,(206)-878-2660,https://www.myfoodbank.org/meals-for-kids.html,"Monday, Tuesday, Wednesday, Thursday, Friday",8/12/2025,5,True,False,False,False,False,SeaTac
Meal,Des Moines Area Food Bank,Valley View Library,Open,Youth and Young Adults,"17850 Military Rd S, SeaTac, WA 98188",,,(206)-878-2660,https://www.myfoodbank.org/meals-for-kids.html,"Monday, Tuesday, Wednesday, Thursday, Friday",8/12/2025,5,True,False,False,False,False,SeaTac
Meal,Des Moines Area Food Bank,Willow Lake Apartments,Open,Youth and Young Adults,"3002 32nd Ave S, SeaTac, WA 98188",47.444696,-122.2941207,(206)-878-2660,https://www.myfoodbank.org/meals-for-kids.html,"Monday, Tuesday, Wednesday, Thursday, Friday",7/21/2025,5,True,False,False,False,False,SeaTac
Meal,Des Moines Area Food Bank,Windsor Heights Apartments,Open,Youth and Young Adults,"17229 32nd Ave S, SeaTac, WA 98188",47.448479,-122.2956636,(206)-878-2660,https://www.myfoodbank.org/meals-for-kids.html,"Monday, Tuesday, Wednesday, Thursday, Friday",7/21/2025,5,True,False,False,False,False,SeaTac
Food Bank & Meal,El Centro de la Raza,El Centro de la Raza,Open,General Public,"2524 16th Ave S, Seattle, WA 98144",47.5805157,-122.3113797,(206)-957-4605,https://www.elcentrodelaraza.org/get-help/human-emergency-services/food-bank/,"Wednesday, Thursday, Friday",7/21/2025,3,False,False,True,False,False,Seattle
Food Bank,Epic Church,The Giving Room,Open,General Public,"10510 Stone Ave N, Seattle, WA 98133",47.7052676,-122.3416573,(206)-552-9586,https://www.epiclifechurch.org/incarnational-ministry,Monday,8/12/2025,1,False,False,True,False,False,Seattle
Food Bank & Meal,Eritrean Association in Greater Seattle,Eritrean Association in Greater Seattle,Open,Older Adults 60+ and Eligible Participants,"1954 S Massachusetts St, Seattle, WA 98144",47.58918453,-122.3072811,(206)-548-6387,https://www.eritreanassociation.org/programs-blog/blog-post-title-four-thpy4,,8/7/2025,0,False,True,False,False,False,Seattle
Food Bank,FamilyWorks,Wallingford Food Bank,Open,General Public,"4318 Stone Way N, Seattle, WA 98103",47.6597609,-122.3444542,(206)-647-1780,https://www.familyworksseattle.org/food-banks/,"Tuesday, Thursday, Friday",11/5/2025,3,False,False,True,False,False,Seattle
Food Bank,Salvation Army,Greenwood Food Bank - Hope Market,Open,General Public,"9501 Greenwood Ave N, Seattle, WA 98103",47.6984899,-122.3557886,,https://seattletemple.salvationarmy.org/seattle_temple_corps/greenwood-food-bank-1/,"Tuesday, Wednesday",11/5/2025,2,False,False,True,False,False,Seattle
Food Bank,Federal Way Food Bank,Multi-Service Center,Open,General Public,"27614 Pacific Highway S, Federal Way, WA 98003",47.3013527,-122.320142,(253)-838-6810,https://mschelps.org/gethelp/food/,"Tuesday, Wednesday, Thursday",8/12/2025,3,False,False,True,False,False,Federal Way
Food Bank & Meal,Filipino Community of Seattle,Filipino Community of Seattle Meals and Food Bank,Open,General Public,"5740 Martin Luther King Jr Way S, Seattle, WA 98144",47.5500465,-122.2871358,(206)-722-9372,https://www.filcommsea.org/senior-services,"Monday, Tuesday, Thursday",8/7/2025,3,False,False,True,False,False,Seattle
Meal,First Covenant Church,First Covenant Church,Open,Contact Agency for Any Eligibility Requirements,"400 E Pike St, Seattle, WA 98122",47.6142392,-122.3263239,(206)-322-7411,https://www.firstcovenantseattle.org/outreach,Saturday,8/12/2025,1,False,False,False,True,True,Seattle
Meal,First United Methodist Church of Seattle,First United Methodist Church of Seattle,Open,General Public,"180 Denny Way, Seattle, WA 98109",47.6188068,-122.3531962,(206)-622-7278,https://www.firstchurchseattle.org/shared-breakfast/,Sunday,8/7/2025,1,False,False,True,False,True,Seattle
Meal,Food Not Bombs - Seattle,Occidental Park,Open,General Public,"Occidental Ave S and S Main St, Seattle, WA 98104",47.6000475,-122.3328885,(206)-397-6815,https://www.seattlefoodnotbombs.org/,"Sunday, Saturday",7/22/2025,2,False,False,True,False,True,Seattle
Meal,Frelard Tamales,Frelard Tamales,Open,General Public,"6412 Latona Ave NE, Seattle, WA 98115",47.6756763,-122.3252185,(206)-523-6654,https://www.frelardtamales.com/,"Sunday, Monday, Tuesday, Wednesday, Thursday, Friday, Saturday",8/12/2025,7,False,False,True,False,True,Seattle
Food Bank,Help Northwest,Help Northwest,Open,General Public,"404 22nd St SE, Auburn, WA 98002",47.2883898,-122.2238173,(206)-227-5977,https://www.helpnorthwest.com/1401.html,"Monday, Tuesday, Wednesday, Thursday, Friday",8/12/2025,5,False,False,True,False,False,Auburn
Food Bank,Highline Area Food Bank,Highline Area Food Bank,Open,General Public,"18300 4th Ave S, Burien, WA 98148",47.4383823,-122.3275755,(206)-433-9900,https://www.highlineareafoodbank.org/,"Tuesday, Thursday",7/22/2025,2,False,False,True,False,False,Burien
Food Bank,Holy Innocents Food Pantry,Holy Innocents Church,Open,General Public,"26526 NE Cherry Valley Rd, Duvall, WA 98019",47.7482852,-121.9818384,(425)-788-1400,https://www.holyinn.org/holy-innocents-food-pantry,"Tuesday, Wednesday",8/7/2025,2,False,False,True,False,False,Duvall
Food Bank,Holy Temple Evangelistic Center,Holy Temple Evangelistic Center,Open,General Public,"12600 Renton Ave S, Seattle, WA 98178",47.4917411,-122.2393177,(206)-722-3984,https://www.facebook.com/HolyTECSeattle/,,7/28/2025,0,False,False,True,False,False,Seattle
Food Bank,Hopelink,Bellevue Food Bank,Open,General Public,"14812 Main St, Bellevue, WA 98007",47.6101989,-122.1414751,(425)-869-6000,https://www.hopelink.org/need-help/food,"Monday, Tuesday, Wednesday, Thursday",8/12/2025,4,False,False,True,False,False,Bellevue
Food Bank,Hopelink,Kirkland Food Bank,Open,General Public,"11011 120th Ave NE, Kirkland, WA 98033",47.6987817,-122.1818137,(425)-869-6000,https://www.hopelink.org/programs/food-program/,"Monday, Tuesday, Wednesday, Thursday",8/12/2025,4,False,False,True,False,False,Kirkland
Food Bank,Hopelink,Redmond Food Bank,Open,General Public,"8990 154th Ave NE, Redmond, WA 98052",47.6818932,-122.13423,(425)-869-6000,https://www.hopelink.org/programs/food-program/,"Monday, Tuesday, Wednesday, Thursday",8/7/2025,4,False,False,True,False,False,Redmond
Food Bank,Hopelink,Shoreline Food Bank,Open,General Public,"17837 Aurora Ave N, Shoreline, WA 98133",47.758995,-122.3668098,(206)-440-7300,https://www.hopelink.org/need-help/food,"Monday, Tuesday, Wednesday, Thursday",7/28/2025,4,False,False,True,False,False,Shoreline
Meal,Hunger Intervention Program,Cedarvale Village,Open,Youth and Young Adults,"11050 8th Ave NE, Seattle, WA 98125",47.710233,-122.3201755,(206)-538-6567,https://www.hungerintervention.org/,"Monday, Tuesday, Wednesday, Thursday, Friday",8/4/2025,5,True,False,False,False,False,Seattle
Meal,Hunger Intervention Program,Lake City Court,Open,Youth and Young Adults,"12526 33rd Ave NE, Seattle, WA 98125",47.720291,-122.291805,(206)-538-6567,https://www.hungerintervention.org/,"Monday, Tuesday, Wednesday, Thursday, Friday",8/7/2025,5,True,False,False,False,False,Seattle
Meal,Hunger Intervention Program,Bella-B Mobile Park Home,Open,Youth and Young Adults,"1333 N 125th St, Seattle, WA 98133",47.7191339,-122.3410813,(206)-538-6567,https://www.hungerintervention.org,"Monday, Tuesday, Wednesday, Thursday, Friday",8/4/2025,5,True,False,False,False,False,Seattle
Meal,Hunger Intervention Program,Jackson Park Community Building,Open,Youth and Young Adults,"14374 30th Ave NE, Seattle, WA 98125",47.733508,-122.29595,(206)-538-6567,https://www.hungerintervention.org/,"Monday, Tuesday, Wednesday, Thursday, Friday",8/12/2025,5,True,False,False,False,False,Seattle
Meal,Hunger Intervention Program,Afterschool Meal at Lake City Library,Open,Youth and Young Adults,"12501 28th Ave NE, Seattle, WA 98125",,,(206)-538-6567,https://hungerintervention.org/afterschool-meals/,Friday,8/11/2025,1,True,False,False,False,False,Seattle
Meal,Hunger Intervention Program,Farmers Market at Lake City Community Center,Open,Youth and Young Adults,"12546 28th Ave NE, Seattle, WA 98125",47.7197784,-122.2975849,(206)-538-6567,https://www.hungerintervention.org/,Thursday,8/9/2025,1,True,False,False,False,False,Seattle
Food Bank & Meal,Immanuel Community Services,Immanuel Community Services Food Bank and Community Lunch,Open,General Public,"1215 Thomas, Seattle, WA 98109",47.6206572,-122.3321098,(206)-622-1930,https://www.icsseattle.org/,"Sunday, Monday",8/4/2025,2,False,False,True,False,True,Seattle
Food Bank,Issaquah Food and Clothing Bank,Issaquah Food and Clothing Bank,Open,General Public,"179 1st Ave SE, Issaquah, WA 98027",47.528687,-122.0349549,(425)-392-4123,https://issaquahfoodbank.org/,"Monday, Tuesday, Thursday",8/4/2025,3,False,False,True,False,False,Issaquah
Food Bank,Jewish Family Service,Polack Food Bank,Open,General Public,"1601 16th Ave, Seattle, WA 98122",47.6155896,-122.3118419,(206)-461-3240,https://www.jfsseattle.org/get-help/polack-food-bank/,"Wednesday, Thursday, Friday",8/4/2025,3,False,False,True,False,False,Seattle
Food Bank,Kent Food Bank and Emergency Services,Kent Food Bank,Open,General Public,"515 W Harrison St, Suite 107, Kent WA 98032",47.3823817,-122.2385989,(253)-520-3550,https://www.kentfoodbank.org/,"Wednesday, Thursday, Friday",2/1/2026,3,False,False,True,False,False,
Food Bank & Meal,Lifelong,Chicken Soup Brigade,Open,Contact Agency for Any Eligibility Requirements,"210 S Lucile, Seattle , WA 98108",47.3546154,-122.1695967,(206)-957-1600,https://www.lifelong.org/chicken-soup-brigade,,2/1/2026,0,False,False,False,True,False,Seattle 
Food Bank,Living Well Kent,Kent,Open,General Public,"24604 104th Ave SE, Suite 102, Kent, WA 98030",47.3813694,-122.2015809,(425)-466-7018,https://livingwellkent.org/index.html,"Monday, Wednesday",8/12/2025,2,False,False,True,False,False,Kent
Food Bank,Maple Valley Food Bank and Emergency Services,Maple Valley Food Bank,Open,General Public,"21415 Renton-Maple Valley Rd SE, Maple Valley, WA 98038",47.4093704,-122.0395177,(425)-432-8633,https://www.maplevalleyfoodbank.org/,"Tuesday, Wednesday",8/7/2025,2,False,False,True,False,False,Maple Valley
Food Bank & Meal,Messiah Lutheran Church,Auburn,Open,General Public,"410 H St NE, Auburn, WA 98002",47.3116212,-122.2190892,(253)-833-5280,https://www.mlcauburn.org/community,"Sunday, Wednesday, Thursday",8/4/2025,3,False,False,True,False,True,Auburn
Food Bank,North Helpline,Bitter Lake Food Bank,Open,General Public,"13000 Linden Ave N, Seattle, WA 98125",47.7242235,-122.3472592,(206)-367-3477,https://www.northhelpline.org/get-help/bitter-lake/,Saturday,8/4/2025,1,False,False,True,False,True,Seattle
Food Bank,North Helpline,Lake City Food Bank,Open,General Public,"12736 33rd Ave NE, Seattle, WA 98125",47.7223248,-122.2918447,(206)-367-3477,https://www.northhelpline.org/get-help/food-bank/,"Wednesday, Thursday, Saturday",8/12/2025,3,False,False,True,False,True,Seattle
Food Bank,Northwest Harvest,SODO Community Market,Open,General Public,"1915 4th Ave S, Seattle, WA 98134",47.5855714,-122.3295651,(800)-722-6924,https://www.northwestharvest.org/sodo-community-market,"Monday, Wednesday, Friday",8/4/2025,3,False,False,True,False,False,Seattle
Meal,Northwest SHARE,University Heights Center,Open,General Public,"5031 University Way NE, Seattle, WA 98105",47.666133,-122.3137458,(206)-527-4278,https://www.uheightscenter.org/coronavirus,"Sunday, Wednesday, Friday, Saturday",8/4/2025,4,False,False,True,False,True,Seattle
Meal,Operation Nightwatch,Operation Nightwatch Shelter Dispatch Center,Open,General Public,"302 14th Ave S, Seattle, WA 98144",47.5998571,-122.3137564,(206)-329-2099,https://www.seattlenightwatch.org/what-we-do/food-and-shelter/,"Sunday, Monday, Tuesday, Wednesday, Thursday, Friday, Saturday",8/4/2025,7,False,False,True,False,True,Seattle
Meal,Operation Sack Lunch Inc.,Compass Housing,Open,General Public,"210 Alaskan Way S, Seattle, WA 98104",47.60104542,-122.3353162,(206)-347-6629,https://www.oslserves.org/,"Monday, Tuesday, Wednesday, Thursday, Friday, Saturday",8/12/2025,6,False,False,True,False,True,Seattle
Food Bank,Paradise of Praise,Food Bank,Open,General Public,"1316 SW Holden St, Seattle, WA 98106",47.5344477,-122.3524692,(206)-234-2713,https://www.seattlefoodcommittee.org/food_bank/paradise-of-praise/,Tuesday,8/4/2025,1,False,False,True,False,False,Seattle
Food Bank,Phinney Ridge Lutheran Church,Phinney Ridge Food Bank,Open,General Public,"7500 Greenwood Ave N, Seattle, WA 98103",47.6835063,-122.3547797,(206)-783-2350,https://prlc.org/phinney-ridge-lutheran-church-food-bank,"Tuesday, Wednesday",8/4/2025,2,False,False,True,False,False,Seattle
Food Bank,Pike Market Senior Center,Pike Market Senior Center,Open,Contact Agency for Any Eligibility Requirements,"1531 Western Ave, Seattle, WA 98101",47.608886,-122.342051,(206)-728-2773,https://www.pmsc-fb.org/,"Sunday, Monday, Tuesday, Wednesday, Thursday, Friday, Saturday",8/4/2025,7,False,False,False,True,True,Seattle
Meal,Pike Market Senior Center,Pike Market Senior Center,Open,Older Adults 55+ and Eligible Participants,"85 Pike St, Seattle, WA 98101",47.6084268,-122.3405616,(206)-728-2773,https://www.pmsc-fb.org/,"Sunday, Monday, Tuesday, Wednesday, Thursday, Friday, Saturday",8/4/2025,7,False,True,False,False,True,Seattle
Food Bank,Plant Based Food Share,Central Seattle,Open,Contact Agency for Any Eligibility Requirements,"7148 Martin Luther King Jr Way S, Seattle, WA 98118",47.5374953,-122.2809353,(971)-245-2907,https://www.plantbasedfoodshare.org,"Sunday, Monday",8/12/2025,2,False,False,False,True,True,Seattle
Food Bank,Prison Scholar Fund,Prison Scholar Fund,Open,Contact Agency for Any Eligibility Requirements,"1752 NW Market St, Seattle, WA 98107",47.669121,-122.381152,(206)-734-5425,https://www.prisonscholars.org/food-security/,"Thursday, Friday",8/12/2025,2,False,False,False,True,False,Seattle
Food Bank,Puget Sound Labor Agency,Puget Sound Labor Agency Food Bank,Open,General Public,"5300 4th Ave South, Seattle, WA 98108",47.5546964,-122.3291893,(206)-448-9277,https://www.pugetsoundlaboragency.org/food-bank.html,"Monday, Wednesday",8/12/2025,2,False,False,True,False,False,Seattle
Food Bank & Meal,Rainier Valley Food Bank,Paradise Baptist Church,Open,General Public,"4353 S Henderson St, Seattle, WA 98118",,,(N/A),https://www.rvfb.org/grocery-mobile-markets,"Wednesday, Friday",8/5/2025,2,False,False,True,False,False,Seattle
Food Bank & Meal,Rainier Valley Food Bank,Odessa Brown - Othello,Open,Odessa Brown Childrens Clinic Patient Families,"3939 S Othello St, Suite 101, Seattle, WA 98118",,,(N/A),https://www.rvfb.org/grocery-mobile-markets,Wednesday,8/5/2025,1,False,False,False,False,False,Seattle
Food Bank,Rainier Valley Food Bank,Rainier Valley Food Bank,Open,General Public,"4205 Rainier Ave S, Seattle, WA 98118",47.5653236,-122.2889468,(206)-723-4105,https://www.rvfb.org/,"Wednesday, Friday",8/20/2025,2,False,False,True,False,False,Seattle
Meal,Ravenna PopUp Kitchen,Ravenna PopUp Kitchen,Open,General Public,"65th and 8th Ave NE, Seattle, WA 98115",47.675803,-122.320245,,https://www.facebook.com/pages/category/Community/Ravenna-PopUp-Kitchen,Sunday,8/12/2025,1,False,False,True,False,True,Seattle
Food Bank & Meal,Redmond UMC,Open Kitchen,Open,General Public,"16540 NE 80th St, Redmond, WA 98052",47.675118,-122.120025,(425)-883-7553,https://redmondumc.org/ministries/open-kitchen,Wednesday,8/4/2025,1,False,False,True,False,False,Redmond
Food Bank,Renewal Food Bank,Highland Covenant Church,Open,General Public,"15022 Bel-Red Rd, Bellevue, WA 98007",47.6275862,-122.1394748,(425)-736-8132,https://renewalfoodbank.org/,"Monday, Tuesday, Wednesday",8/7/2025,3,False,False,True,False,False,Bellevue
Meal,ROOTS,Friday Feast,Open,General Public,"4130 University Way NE, Seattle, WA 98105",47.6592588,-122.3124319,(206)-632-1635,https://www.rootsinfo.org/,Friday,8/12/2025,1,False,False,True,False,False,Seattle
Food Bank & Meal,Sacred Heart Church/SVDP Society,Queen Anne Food Bank and Meals,Open,General Public,"232 Warren Ave N, Suite B, Seattle, WA 98109",47.6206989,-122.3537259,(206)-216-4102,https://www.sacredheartseattle.org/qafb,"Monday, Tuesday, Wednesday, Thursday, Friday",8/2/2025,5,False,False,True,False,False,Seattle
Food Bank & Meal,Salvation Army,Salvation Army Renton/Rotary Food Bank,Open,General Public,"206 S Tobin St, Renton, WA 98057",47.4842805,-122.2140148,(425)-255-5969,https://webmanager.salvationarmy.org/renton_corps/food-bank,"Monday, Tuesday, Wednesday, Thursday, Friday",8/12/2025,5,False,False,True,False,False,Renton
Food Bank & Meal,Salvation Army,Salvation Army White Center,Open,General Public,"9050 16th Ave SW, Seattle, WA 98106",47.5215741,-122.3547065,(206)-767-3150,https://tsawhitecenter.org/SeattleWhiteCenter/help,"Monday, Tuesday, Wednesday, Thursday, Friday",8/7/2025,5,False,False,True,False,False,Seattle
Food Bank & Meal,Seattle Indian Center,Emergency Meals and Food Bank,Open,General Public,"624 S Dearborn St, Seattle, WA 98134",47.5959979,-122.3254326,(206)-329-8700,https://www.seattleindian.org/services/food-security-programs/,"Monday, Tuesday, Wednesday, Thursday, Friday",8/5/2025,5,False,False,True,False,False,Seattle
Food Bank,Snoqualmie Valley Food Bank,Snoqualmie Valley Food Bank,Open,General Public,"122 E 3rd St, North Bend, WA 98045",47.4962806,-121.783458,(425)-888-7832,https://www.snoqualmievalleyfoodbank.org/,"Tuesday, Wednesday, Thursday",8/12/2025,3,False,False,True,False,False,North Bend
Meal,Sound Generations,Hunger Intervention Program - Lake City Community Center,Open,Older Adults 60+ and Eligible Participants,"12531 28th Ave NE, Seattle, WA 98125",47.7203524,-122.2981048,(206)-707-1865,https://www.soundgenerations.org/our-programs/food-security/community-dining/,"Monday, Wednesday, Friday",8/5/2025,3,False,True,False,False,False,Seattle
Meal,Sound Generations,Ballard NW Senior Center,Open,Older Adults 60+ and Eligible Participants,"5429 32nd NW, Seattle, WA 98017",47.6684176,-122.3987072,(206)-297-0403,https://www.soundgenerations.org/our-programs/food-security/community-dining/,"Monday, Tuesday, Wednesday, Thursday, Friday",8/5/2025,5,False,True,False,False,False,Seattle
Meal,Sound Generations,Central Area Senior Center,Open,Older Adults 60+ and Eligible Participants,"500 30th Ave S, Seattle, WA 98144",47.597467,-122.2932771,(206)-726-4926,https://www.soundgenerations.org/our-programs/food-security/community-dining/,"Monday, Tuesday, Wednesday, Thursday, Friday",8/12/2025,5,False,True,False,False,False,Seattle
Meal,Sound Generations,Greenwood Senior Center,Open,Older Adults 60+ and Eligible Participants,"525 N 85th St, Seattle, WA 98103",47.6904002,-122.3509931,(206)-297-0875,https://www.phinneycenter.org/seniors/gsc/,"Monday, Tuesday, Wednesday, Thursday, Friday",8/5/2025,5,False,True,False,False,False,Seattle
Meal,Sound Generations,Southeast Seattle Senior Center,Open,Older Adults 60+ and Eligible Participants,"4655 S Holly St, Seattle, WA 98118",47.5422737,-122.2729875,(206)-727-6248,https://www.soundgenerations.org/our-programs/food-security/community-dining/,"Monday, Tuesday, Wednesday, Thursday, Friday",8/12/2025,5,False,True,False,False,False,Seattle
Food Bank & Meal,Sound Generations,West Seattle Senior Center,Open,Older Adults 60+ and Eligible Participants,"4217 SW Oregon St, Seattle, WA 98116",47.5626975,-122.3864553,(206)-932-4044,https://sc-ws.org/services/food-and-dining/,"Monday, Tuesday, Wednesday, Thursday, Friday",8/5/2025,5,False,True,False,False,False,Seattle
Meal,Sound Generations,Renton Senior Center,Open,Older Adults 60+ and Eligible Participants,"211 Burnett Ave N, Renton, WA 98057",47.4861262,-122.2077373,(425)-430-6633,https://www.rentonwa.gov/,"Monday, Tuesday, Wednesday, Thursday, Friday",8/7/2025,5,False,True,False,False,False,Renton
Meal,Teen Feed,University Congregational Church,Open,Youth and Young Adults,"4515 16th Ave NE, Seattle, WA 98105",47.6617835,-122.3111496,(206)-229-0813,https://www.teenfeed.org/programs/,"Sunday, Monday, Tuesday, Wednesday, Thursday, Friday, Saturday",8/12/2025,7,True,False,False,False,True,Seattle
Meal,The Interfaith Council to Prevent Homelessness (IFCH) Community Meals,Vashon Methodist Church,Open,Contact Agency for Any Eligibility Requirements,"17928 Vashon Hwy SW, Vashon, WA, 98070",47.444043,-122.4602001,(206)-643-5169,https://ifchvashon.org/,"Monday, Tuesday, Wednesday",8/12/2025,3,False,False,False,True,False,Vashon
Food Bank,The Food Bank @ St. Mary's,The Food Bank @ St. Mary's,Open,General Public,"611 20th Ave S, Seattle, WA 98144",47.5972377,-122.3065791,(206)-324-7215,https://www.thefbsm.org/services,"Monday, Wednesday, Friday",8/7/2025,3,False,False,True,False,False,Seattle
Food Bank,The Storehouse Covington Food Bank,Real Life Church,Open,General Public,"26201 180th Ave SE, Covington, WA 98042",47.3662588,-122.1027806,(253)-631-3038,https://covingtonstorehouse.org/assistance,"Monday, Friday, Saturday",8/5/2025,3,False,False,True,False,True,Covington
Food Bank,Tukwila Pantry,Riverton Park United Methodist Church,Open,General Public,"3118 S 140th St, Tukwila, Washington 98168",47.4784931,-122.2924379,(206)-431-8293,https://tukwilapantry.org/,"Tuesday, Thursday, Saturday",8/7/2025,3,False,False,True,False,True,
Food Bank,University District Service League,University District Food Bank,Open,General Public,"5017 Roosevelt Way NE, Seattle, WA 98105",47.6655387,-122.3178395,(206)-523-7060,https://www.udistrictfoodbank.org/services/,"Monday, Tuesday, Thursday, Friday",8/7/2025,4,False,False,True,False,False,Seattle
Food Bank,University District Service League,Magnuson Park Community Food Pantry,Open,General Public,"7101 62nd Ave NE, Seattle, WA 98115",47.6805765,-122.262898,(206)-523-7060,https://www.udistrictfoodbank.org/services/magnuson-park-community-food-pantry/,Wednesday,8/5/2025,1,False,False,True,False,False,Seattle
Food Bank,Urban Fresh Food Collective of South Park,Duwamish Waterway Park,Open,General Public,"7900 10th Ave SW, Seattle, WA 98106",47.5317619,-122.3478091,,https://cultivatesouthpark.org/mercadito,Saturday,8/5/2025,1,False,False,True,False,True,Seattle
Meal,Urban Fresh Food Collective of South Park,South Park Community Center,Open,General Public,"8319 8th Ave S, Seattle, WA 98108",47.5284221,-122.3240431,(206)-809-9691,https://www.urbanfreshfoodcollective.org/,"Monday, Wednesday, Thursday",8/5/2025,3,False,False,True,False,False,Seattle
Food Bank,Vashon Maury Community Food Bank,Vashon Maury Community Food Bank,Open,General Public,"10030 SW 210th St, Vashon, WA 98070",47.4185981,-122.4664519,(206)-463-6332,https://www.vashonfoodbank.org/,"Wednesday, Thursday, Friday",8/12/2025,3,False,False,True,False,False,Vashon
Meal,Vashon Maury Community Food Bank,Vashon Maury Community Food Bank,Open,Youth and Young Adults,"17130 Vashon Hwy SW, Vashon, WA 98070",47.4007316,-122.4688031,(206)-463-6332,https://www.vashonfoodbank.org/,"Monday, Tuesday, Wednesday, Thursday, Friday",2/1/2025,5,True,False,False,False,False,Vashon
Food Bank,West Seattle Food Bank,West Seattle Food Bank,Open,General Public,"3419 SW Morgan St, Seattle, WA 98126",47.5444292,-122.3758291,(206)-932-9023,https://www.westseattlefoodbank.org/,"Tuesday, Wednesday, Thursday, Friday",8/5/2025,4,False,False,True,False,False,Seattle
Food Bank,White Center Food Bank,White Center Food Bank,Open,General Public,"10016 16th Ave SW, Seattle, WA 98146",47.5131743,-122.3548275,(206)-762-2848,https://www.whitecenterfoodbank.org/service-hours,"Monday, Wednesday, Thursday, Friday",8/7/2025,4,False,False,True,False,False,Seattle
Food Bank,Woodinville Store House,Woodinville Store House,Open,General Public,"17110 140th Ave NE, Woodinville, WA 98072",47.7520872,-122.1518646,(425)-384-9274,https://www.woodinvillestorehouse.org,"Tuesday, Saturday",8/5/2025,2,False,False,True,False,True,Woodinville
Meal,YouthCare,Orion Center,Open,Youth and Young Adults,"1828 Yale Ave, Seattle, WA 98101",47.6182683,-122.3305192,(206)-622-5555,https://www.youthcare.org/homeless-youth-services/engagement-services/youthcares-orion-center/,"Sunday, Monday, Tuesday, Wednesday, Thursday, Friday, Saturday",8/7/2025,7,True,False,False,False,True,Seattle
Meal,YouthCare,U-District Youth Center,Open,Youth and Young Adults,"4516 15th Ave NE, Seattle, WA 98105",47.661853,-122.311609,(206)-622-5555,https://www.youthcare.org/get-help/,"Sunday, Monday, Tuesday, Wednesday, Thursday",8/12/2025,5,True,False,False,False,True,Seattle
Food Bank,YWCA,Central Area Food Bank,Open,General Public,"2820 E Cherry St, Seattle, WA 98122",47.608328,-122.2958409,(206)-375-1496,https://www.ywcaworks.org/programs/central-area-food-bank,Wednesday,8/5/2025,1,False,False,True,False,False,Seattle
Food Bank,Cultivate South Park,Cultivate South Park,Open,General Public,"614 S Riverside Drive, Seattle, WA 98108",47.5350237,-122.3263116,,https://www.cultivatesouthpark.org,"Tuesday, Friday",11/5/2025,2,False,False,True,False,False,Seattle
Meal,St. James Cathedral,Cathedral Kitchen,Open,General Public,"804 9th Ave, Seattle, WA 98104",47.607646,-122.3259157,(206)-264-2091,https://www.stjames-cathedral.org/outreach/kitchen.aspx,"Monday, Tuesday, Wednesday, Thursday, Friday",8/12/2025,5,False,False,True,False,False,Seattle
Food Bank,Center for MultiCultural Health,Center for MultiCultural Health,Open,Contact Agency for Any Eligibility Requirements,"801 25th Ave, Seattle, WA 98122",47.609283,-122.3005353,(206)-461-6910,https://www.centerformulticulturalhealth.org/,Friday,2/4/2026,1,False,False,False,True,False,Seattle
Meal,Chief Seattle Club,Chief Seattle Club,Open,Contact Agency for Any Eligibility Requirements,"410 2nd Ave Ext S, Seattle, WA 98104",47.6012206,-122.3310925,(206)-715-7536,https://www.chiefseattleclub.org/,"Sunday, Monday, Tuesday, Wednesday, Thursday, Friday, Saturday",2/4/2026,7,False,False,False,True,True,Seattle
Food Bank & Meal,For All,For All,Open,General Public,"903 E Yesler Wy, Seattle, WA 98122",47.6011076,-122.3215355,,https://www.freefoodforall.org/,"Sunday, Saturday",2/4/2026,2,False,False,True,False,True,Seattle
Food Bank,ICNA Relief,ICNA Relief,Open,General Public,"6721 Martin Luther King Jr Way S, Seattle, WA 98118",47.541886,-122.284044,(206)-695-2080,https://icnarelief.org/washington/,Thursday,2/4/2026,1,False,False,True,False,False,Seattle
Meal,Rainier Vista Boys & Girls Club,Rainier Vista Boys & Girls Club,Open,Youth and Young Adults,"4520 MLK Wy, Seattle, WA 98108",47.5626423,-122.2937256,(206)-436-1890,https://positiveplace.org/clubs/smilow-rainier-vista,,2/5/2026,0,True,False,False,False,False,Seattle
Meal,YMCA of Greater Seattle,YMCA of Greater Seattle,Open,Contact Agency for Any Eligibility Requirements,"909 4th Ave, Seattle, WA 98104",47.6054636,-122.3327052,,https://www.seattleymca.org/social-impact-center/youth-young-adults/drop-in-services,"Sunday, Monday, Tuesday, Wednesday, Thursday, Friday, Saturday",2/5/2026,7,False,False,False,True,True,Seattle
Meal,Phinney Neighborhood Association,St. John United Lutheran Church,Open,General Public,"5515 Phinney Ave N, Seattle, WA 98103",,,(206)-783-2244,https://www.phinneycenter.org/hotmeal/,"Monday, Tuesday, Wednesday",8/12/2025,3,False,False,True,False,False,Seattle
Food Bank & Meal,Society of St Vincent de Paul Council,Georgetown Food Bank,Open,General Public,"5972 4th Ave S, Seattle, WA 98108",47.5486194,-122.3291318,(206)-686-5260,https://www.svdpseattle.org/get-help/food-bank/,"Tuesday, Thursday, Friday",8/5/2025,3,False,False,True,False,False,Seattle
